INSERT INTO "APP"."BANK" (ID,CREATED_BY,CREATED_DATE,STATUS,UPDATED_BY,UPDATED_DATE,VERSION,BANK_NAME,CODE,IMAGE_NAME) VALUES (100,null,null,null,null,null,0,'ธนาคารกรุงเทพ','001','BANGKOK-1.png');
INSERT INTO "APP"."BANK" (ID,CREATED_BY,CREATED_DATE,STATUS,UPDATED_BY,UPDATED_DATE,VERSION,BANK_NAME,CODE,IMAGE_NAME) VALUES (101,null,null,null,null,null,0,'ธนาคารกสิกร','002','KBANK-1.png');
INSERT INTO "APP"."BANK" (ID,CREATED_BY,CREATED_DATE,STATUS,UPDATED_BY,UPDATED_DATE,VERSION,BANK_NAME,CODE,IMAGE_NAME) VALUES (102,null,null,null,null,null,0,'ธนาคารกรุงไทย','003','KTB-1.png');
INSERT INTO "APP"."BANK" (ID,CREATED_BY,CREATED_DATE,STATUS,UPDATED_BY,UPDATED_DATE,VERSION,BANK_NAME,CODE,IMAGE_NAME) VALUES (103,null,null,null,null,null,0,'ธนาคารกรุงศรี','004','KRUNGSRI-1.png');
INSERT INTO "APP"."BANK" (ID,CREATED_BY,CREATED_DATE,STATUS,UPDATED_BY,UPDATED_DATE,VERSION,BANK_NAME,CODE,IMAGE_NAME) VALUES (104,null,null,null,null,null,0,'ธนาคารไทยพาณิชย์','005','SCB-1.png');
INSERT INTO "APP"."BANK" (ID,CREATED_BY,CREATED_DATE,STATUS,UPDATED_BY,UPDATED_DATE,VERSION,BANK_NAME,CODE,IMAGE_NAME) VALUES (105,null,null,null,null,null,0,'ธนาคารออมสิน','006','GSB-1.png');


INSERT INTO "APP"."CURRENCY" (ID,CREATED_BY,CREATED_DATE,STATUS,UPDATED_BY,UPDATED_DATE,VERSION,CODE,CURRENCY_NAME,IMAGE_NAME,SYMBOL) VALUES (1000,null,null,null,null,null,0,'01','AUD','au.png','au');
INSERT INTO "APP"."CURRENCY" (ID,CREATED_BY,CREATED_DATE,STATUS,UPDATED_BY,UPDATED_DATE,VERSION,CODE,CURRENCY_NAME,IMAGE_NAME,SYMBOL) VALUES (1001,null,null,null,null,null,0,'02','BHD','bn.png','bn');
INSERT INTO "APP"."CURRENCY" (ID,CREATED_BY,CREATED_DATE,STATUS,UPDATED_BY,UPDATED_DATE,VERSION,CODE,CURRENCY_NAME,IMAGE_NAME,SYMBOL) VALUES (1002,null,null,null,null,null,0,'03','CAD','ca.png','ca');
INSERT INTO "APP"."CURRENCY" (ID,CREATED_BY,CREATED_DATE,STATUS,UPDATED_BY,UPDATED_DATE,VERSION,CODE,CURRENCY_NAME,IMAGE_NAME,SYMBOL) VALUES (1003,null,null,null,null,null,0,'04','CHF','ch.png','ch');
INSERT INTO "APP"."CURRENCY" (ID,CREATED_BY,CREATED_DATE,STATUS,UPDATED_BY,UPDATED_DATE,VERSION,CODE,CURRENCY_NAME,IMAGE_NAME,SYMBOL) VALUES (1004,null,null,null,null,null,0,'05','CNY','cn.png','cn');
INSERT INTO "APP"."CURRENCY" (ID,CREATED_BY,CREATED_DATE,STATUS,UPDATED_BY,UPDATED_DATE,VERSION,CODE,CURRENCY_NAME,IMAGE_NAME,SYMBOL) VALUES (1005,null,null,null,null,null,0,'06','DKK','dk.png','dk');
INSERT INTO "APP"."CURRENCY" (ID,CREATED_BY,CREATED_DATE,STATUS,UPDATED_BY,UPDATED_DATE,VERSION,CODE,CURRENCY_NAME,IMAGE_NAME,SYMBOL) VALUES (1006,null,null,null,null,null,0,'07','EUR','eu.png','eu');
INSERT INTO "APP"."CURRENCY" (ID,CREATED_BY,CREATED_DATE,STATUS,UPDATED_BY,UPDATED_DATE,VERSION,CODE,CURRENCY_NAME,IMAGE_NAME,SYMBOL) VALUES (1007,null,null,null,null,null,0,'08','HKD','hk.png','hk');
INSERT INTO "APP"."CURRENCY" (ID,CREATED_BY,CREATED_DATE,STATUS,UPDATED_BY,UPDATED_DATE,VERSION,CODE,CURRENCY_NAME,IMAGE_NAME,SYMBOL) VALUES (1008,null,null,null,null,null,0,'09','IDR','id.png','id');
INSERT INTO "APP"."CURRENCY" (ID,CREATED_BY,CREATED_DATE,STATUS,UPDATED_BY,UPDATED_DATE,VERSION,CODE,CURRENCY_NAME,IMAGE_NAME,SYMBOL) VALUES (1009,null,null,null,null,null,0,'10','INR','in.png','in');
INSERT INTO "APP"."CURRENCY" (ID,CREATED_BY,CREATED_DATE,STATUS,UPDATED_BY,UPDATED_DATE,VERSION,CODE,CURRENCY_NAME,IMAGE_NAME,SYMBOL) VALUES (1010,null,null,null,null,null,0,'11','JPY','jp.png','jp');
INSERT INTO "APP"."CURRENCY" (ID,CREATED_BY,CREATED_DATE,STATUS,UPDATED_BY,UPDATED_DATE,VERSION,CODE,CURRENCY_NAME,IMAGE_NAME,SYMBOL) VALUES (1011,null,null,null,null,null,0,'12','MYR','my.png','my');
INSERT INTO "APP"."CURRENCY" (ID,CREATED_BY,CREATED_DATE,STATUS,UPDATED_BY,UPDATED_DATE,VERSION,CODE,CURRENCY_NAME,IMAGE_NAME,SYMBOL) VALUES (1012,null,null,null,null,null,0,'13','NOK','no.png','no');
INSERT INTO "APP"."CURRENCY" (ID,CREATED_BY,CREATED_DATE,STATUS,UPDATED_BY,UPDATED_DATE,VERSION,CODE,CURRENCY_NAME,IMAGE_NAME,SYMBOL) VALUES (1013,null,null,null,null,null,0,'14','NZD','nz.png','nz');
INSERT INTO "APP"."CURRENCY" (ID,CREATED_BY,CREATED_DATE,STATUS,UPDATED_BY,UPDATED_DATE,VERSION,CODE,CURRENCY_NAME,IMAGE_NAME,SYMBOL) VALUES (1014,null,null,null,null,null,0,'15','PHP','ph.png','ph');
INSERT INTO "APP"."CURRENCY" (ID,CREATED_BY,CREATED_DATE,STATUS,UPDATED_BY,UPDATED_DATE,VERSION,CODE,CURRENCY_NAME,IMAGE_NAME,SYMBOL) VALUES (1015,null,null,null,null,null,0,'16','SEK','se.png','se');
INSERT INTO "APP"."CURRENCY" (ID,CREATED_BY,CREATED_DATE,STATUS,UPDATED_BY,UPDATED_DATE,VERSION,CODE,CURRENCY_NAME,IMAGE_NAME,SYMBOL) VALUES (1016,null,null,null,null,null,0,'17','SGD','sg.png','sg');
INSERT INTO "APP"."CURRENCY" (ID,CREATED_BY,CREATED_DATE,STATUS,UPDATED_BY,UPDATED_DATE,VERSION,CODE,CURRENCY_NAME,IMAGE_NAME,SYMBOL) VALUES (1017,null,null,null,null,null,0,'18','GBP','uk.png','uk');
INSERT INTO "APP"."CURRENCY" (ID,CREATED_BY,CREATED_DATE,STATUS,UPDATED_BY,UPDATED_DATE,VERSION,CODE,CURRENCY_NAME,IMAGE_NAME,SYMBOL) VALUES (1018,null,null,null,null,null,0,'19','USD','us.png','us');



INSERT INTO "APP"."DATE_FOR_EXCHANGE" (ID,CREATED_BY,CREATED_DATE,STATUS,UPDATED_BY,UPDATED_DATE,VERSION,DATE_PER_EXCHANGE) VALUES (100,null,null,null,null,null,0,{ts '2016-07-20 00:00:00.0'});
INSERT INTO "APP"."DATE_FOR_EXCHANGE" (ID,CREATED_BY,CREATED_DATE,STATUS,UPDATED_BY,UPDATED_DATE,VERSION,DATE_PER_EXCHANGE) VALUES (101,null,null,null,null,null,0,{ts '2016-07-21 00:00:00.0'});
INSERT INTO "APP"."DATE_FOR_EXCHANGE" (ID,CREATED_BY,CREATED_DATE,STATUS,UPDATED_BY,UPDATED_DATE,VERSION,DATE_PER_EXCHANGE) VALUES (102,null,null,null,null,null,0,{ts '2016-07-22 00:00:00.0'});
INSERT INTO "APP"."DATE_FOR_EXCHANGE" (ID,CREATED_BY,CREATED_DATE,STATUS,UPDATED_BY,UPDATED_DATE,VERSION,DATE_PER_EXCHANGE) VALUES (103,null,null,null,null,null,0,{ts '2016-07-23 00:00:00.0'});
INSERT INTO "APP"."DATE_FOR_EXCHANGE" (ID,CREATED_BY,CREATED_DATE,STATUS,UPDATED_BY,UPDATED_DATE,VERSION,DATE_PER_EXCHANGE) VALUES (104,null,null,null,null,null,0,{ts '2016-07-24 00:00:00.0'});
INSERT INTO "APP"."DATE_FOR_EXCHANGE" (ID,CREATED_BY,CREATED_DATE,STATUS,UPDATED_BY,UPDATED_DATE,VERSION,DATE_PER_EXCHANGE) VALUES (105,null,null,null,null,null,0,{ts '2016-07-25 00:00:00.0'});
INSERT INTO "APP"."DATE_FOR_EXCHANGE" (ID,CREATED_BY,CREATED_DATE,STATUS,UPDATED_BY,UPDATED_DATE,VERSION,DATE_PER_EXCHANGE) VALUES (106,null,null,null,null,null,0,{ts '2016-07-26 00:00:00.0'});
INSERT INTO "APP"."DATE_FOR_EXCHANGE" (ID,CREATED_BY,CREATED_DATE,STATUS,UPDATED_BY,UPDATED_DATE,VERSION,DATE_PER_EXCHANGE) VALUES (107,null,null,null,null,null,0,{ts '2016-07-27 00:00:00.0'});
INSERT INTO "APP"."DATE_FOR_EXCHANGE" (ID,CREATED_BY,CREATED_DATE,STATUS,UPDATED_BY,UPDATED_DATE,VERSION,DATE_PER_EXCHANGE) VALUES (108,null,null,null,null,null,0,{ts '2016-07-28 00:00:00.0'});
INSERT INTO "APP"."DATE_FOR_EXCHANGE" (ID,CREATED_BY,CREATED_DATE,STATUS,UPDATED_BY,UPDATED_DATE,VERSION,DATE_PER_EXCHANGE) VALUES (109,null,null,null,null,null,0,{ts '2016-07-29 00:00:00.0'});



INSERT INTO "APP"."EXCHANGE_CURRENCY" (ID,CREATED_BY,CREATED_DATE,STATUS,UPDATED_BY,UPDATED_DATE,VERSION,BUY_RATE,SELL_RATE,BANK,CURRENCY,DATE_FOR_EXCHANGE) VALUES (10000,null,null,null,null,null,0,26.010000228881836,27.399999618530273,100,1000,100);
INSERT INTO "APP"."EXCHANGE_CURRENCY" (ID,CREATED_BY,CREATED_DATE,STATUS,UPDATED_BY,UPDATED_DATE,VERSION,BUY_RATE,SELL_RATE,BANK,CURRENCY,DATE_FOR_EXCHANGE) VALUES (10001,null,null,null,null,null,0,25.049999237060547,26.290000915527344,100,1001,100);
INSERT INTO "APP"."EXCHANGE_CURRENCY" (ID,CREATED_BY,CREATED_DATE,STATUS,UPDATED_BY,UPDATED_DATE,VERSION,BUY_RATE,SELL_RATE,BANK,CURRENCY,DATE_FOR_EXCHANGE) VALUES (10002,null,null,null,null,null,0,26.350000381469727,27.239999771118164,100,1002,100);
INSERT INTO "APP"."EXCHANGE_CURRENCY" (ID,CREATED_BY,CREATED_DATE,STATUS,UPDATED_BY,UPDATED_DATE,VERSION,BUY_RATE,SELL_RATE,BANK,CURRENCY,DATE_FOR_EXCHANGE) VALUES (10003,null,null,null,null,null,0,34.900001525878906,36.310001373291016,100,1003,100);
INSERT INTO "APP"."EXCHANGE_CURRENCY" (ID,CREATED_BY,CREATED_DATE,STATUS,UPDATED_BY,UPDATED_DATE,VERSION,BUY_RATE,SELL_RATE,BANK,CURRENCY,DATE_FOR_EXCHANGE) VALUES (10004,null,null,null,null,null,0,4.940000057220459,5.460000038146973,100,1004,100);
INSERT INTO "APP"."EXCHANGE_CURRENCY" (ID,CREATED_BY,CREATED_DATE,STATUS,UPDATED_BY,UPDATED_DATE,VERSION,BUY_RATE,SELL_RATE,BANK,CURRENCY,DATE_FOR_EXCHANGE) VALUES (10005,null,null,null,null,null,0,5.010000228881836,5.320000171661377,100,1005,100);
INSERT INTO "APP"."EXCHANGE_CURRENCY" (ID,CREATED_BY,CREATED_DATE,STATUS,UPDATED_BY,UPDATED_DATE,VERSION,BUY_RATE,SELL_RATE,BANK,CURRENCY,DATE_FOR_EXCHANGE) VALUES (10006,null,null,null,null,null,0,38.41999816894531,39.65999984741211,100,1006,100);
INSERT INTO "APP"."EXCHANGE_CURRENCY" (ID,CREATED_BY,CREATED_DATE,STATUS,UPDATED_BY,UPDATED_DATE,VERSION,BUY_RATE,SELL_RATE,BANK,CURRENCY,DATE_FOR_EXCHANGE) VALUES (10007,null,null,null,null,null,0,4.420000076293945,4.619999885559082,100,1007,100);
INSERT INTO "APP"."EXCHANGE_CURRENCY" (ID,CREATED_BY,CREATED_DATE,STATUS,UPDATED_BY,UPDATED_DATE,VERSION,BUY_RATE,SELL_RATE,BANK,CURRENCY,DATE_FOR_EXCHANGE) VALUES (10008,null,null,null,null,null,0,2.049999952316284,3.0,100,1008,100);
INSERT INTO "APP"."EXCHANGE_CURRENCY" (ID,CREATED_BY,CREATED_DATE,STATUS,UPDATED_BY,UPDATED_DATE,VERSION,BUY_RATE,SELL_RATE,BANK,CURRENCY,DATE_FOR_EXCHANGE) VALUES (10009,null,null,null,null,null,0,0.4779999852180481,0.5479999780654907,100,1009,100);
INSERT INTO "APP"."EXCHANGE_CURRENCY" (ID,CREATED_BY,CREATED_DATE,STATUS,UPDATED_BY,UPDATED_DATE,VERSION,BUY_RATE,SELL_RATE,BANK,CURRENCY,DATE_FOR_EXCHANGE) VALUES (10010,null,null,null,null,null,0,33.27000045776367,34.81999969482422,100,1010,100);
INSERT INTO "APP"."EXCHANGE_CURRENCY" (ID,CREATED_BY,CREATED_DATE,STATUS,UPDATED_BY,UPDATED_DATE,VERSION,BUY_RATE,SELL_RATE,BANK,CURRENCY,DATE_FOR_EXCHANGE) VALUES (10011,null,null,null,null,null,0,8.529999732971191,9.109999656677246,100,1011,100);
INSERT INTO "APP"."EXCHANGE_CURRENCY" (ID,CREATED_BY,CREATED_DATE,STATUS,UPDATED_BY,UPDATED_DATE,VERSION,BUY_RATE,SELL_RATE,BANK,CURRENCY,DATE_FOR_EXCHANGE) VALUES (10012,null,null,null,null,null,0,3.990000009536743,4.21999979019165,100,1012,100);
INSERT INTO "APP"."EXCHANGE_CURRENCY" (ID,CREATED_BY,CREATED_DATE,STATUS,UPDATED_BY,UPDATED_DATE,VERSION,BUY_RATE,SELL_RATE,BANK,CURRENCY,DATE_FOR_EXCHANGE) VALUES (10013,null,null,null,null,null,0,25.1299991607666,26.479999542236328,100,1013,100);
INSERT INTO "APP"."EXCHANGE_CURRENCY" (ID,CREATED_BY,CREATED_DATE,STATUS,UPDATED_BY,UPDATED_DATE,VERSION,BUY_RATE,SELL_RATE,BANK,CURRENCY,DATE_FOR_EXCHANGE) VALUES (10014,null,null,null,null,null,0,0.5400000214576721,0.7900000214576721,100,1014,100);
INSERT INTO "APP"."EXCHANGE_CURRENCY" (ID,CREATED_BY,CREATED_DATE,STATUS,UPDATED_BY,UPDATED_DATE,VERSION,BUY_RATE,SELL_RATE,BANK,CURRENCY,DATE_FOR_EXCHANGE) VALUES (10015,null,null,null,null,null,0,3.950000047683716,4.190000057220459,100,1015,100);
INSERT INTO "APP"."EXCHANGE_CURRENCY" (ID,CREATED_BY,CREATED_DATE,STATUS,UPDATED_BY,UPDATED_DATE,VERSION,BUY_RATE,SELL_RATE,BANK,CURRENCY,DATE_FOR_EXCHANGE) VALUES (10016,null,null,null,null,null,0,25.600000381469727,26.3700008392334,100,1016,100);
INSERT INTO "APP"."EXCHANGE_CURRENCY" (ID,CREATED_BY,CREATED_DATE,STATUS,UPDATED_BY,UPDATED_DATE,VERSION,BUY_RATE,SELL_RATE,BANK,CURRENCY,DATE_FOR_EXCHANGE) VALUES (10017,null,null,null,null,null,0,45.540000915527344,48.0,100,1017,100);
INSERT INTO "APP"."EXCHANGE_CURRENCY" (ID,CREATED_BY,CREATED_DATE,STATUS,UPDATED_BY,UPDATED_DATE,VERSION,BUY_RATE,SELL_RATE,BANK,CURRENCY,DATE_FOR_EXCHANGE) VALUES (10018,null,null,null,null,null,0,33.97999954223633,35.33000183105469,100,1018,100);

INSERT INTO "APP"."EXCHANGE_CURRENCY" (ID,CREATED_BY,CREATED_DATE,STATUS,UPDATED_BY,UPDATED_DATE,VERSION,BUY_RATE,SELL_RATE,BANK,CURRENCY,DATE_FOR_EXCHANGE) VALUES (10019,null,null,null,null,null,0,26.010000228881836,27.399999618530273,101,1000,100);
INSERT INTO "APP"."EXCHANGE_CURRENCY" (ID,CREATED_BY,CREATED_DATE,STATUS,UPDATED_BY,UPDATED_DATE,VERSION,BUY_RATE,SELL_RATE,BANK,CURRENCY,DATE_FOR_EXCHANGE) VALUES (10020,null,null,null,null,null,0,25.049999237060547,26.290000915527344,101,1001,100);
INSERT INTO "APP"."EXCHANGE_CURRENCY" (ID,CREATED_BY,CREATED_DATE,STATUS,UPDATED_BY,UPDATED_DATE,VERSION,BUY_RATE,SELL_RATE,BANK,CURRENCY,DATE_FOR_EXCHANGE) VALUES (10021,null,null,null,null,null,0,26.350000381469727,27.239999771118164,101,1002,100);
INSERT INTO "APP"."EXCHANGE_CURRENCY" (ID,CREATED_BY,CREATED_DATE,STATUS,UPDATED_BY,UPDATED_DATE,VERSION,BUY_RATE,SELL_RATE,BANK,CURRENCY,DATE_FOR_EXCHANGE) VALUES (10022,null,null,null,null,null,0,34.900001525878906,36.310001373291016,101,1003,100);
INSERT INTO "APP"."EXCHANGE_CURRENCY" (ID,CREATED_BY,CREATED_DATE,STATUS,UPDATED_BY,UPDATED_DATE,VERSION,BUY_RATE,SELL_RATE,BANK,CURRENCY,DATE_FOR_EXCHANGE) VALUES (10023,null,null,null,null,null,0,4.940000057220459,5.460000038146973,101,1004,100);
INSERT INTO "APP"."EXCHANGE_CURRENCY" (ID,CREATED_BY,CREATED_DATE,STATUS,UPDATED_BY,UPDATED_DATE,VERSION,BUY_RATE,SELL_RATE,BANK,CURRENCY,DATE_FOR_EXCHANGE) VALUES (10024,null,null,null,null,null,0,5.010000228881836,5.320000171661377,101,1005,100);
INSERT INTO "APP"."EXCHANGE_CURRENCY" (ID,CREATED_BY,CREATED_DATE,STATUS,UPDATED_BY,UPDATED_DATE,VERSION,BUY_RATE,SELL_RATE,BANK,CURRENCY,DATE_FOR_EXCHANGE) VALUES (10025,null,null,null,null,null,0,38.41999816894531,39.65999984741211,101,1006,100);
INSERT INTO "APP"."EXCHANGE_CURRENCY" (ID,CREATED_BY,CREATED_DATE,STATUS,UPDATED_BY,UPDATED_DATE,VERSION,BUY_RATE,SELL_RATE,BANK,CURRENCY,DATE_FOR_EXCHANGE) VALUES (10026,null,null,null,null,null,0,4.420000076293945,4.619999885559082,101,1007,100);
INSERT INTO "APP"."EXCHANGE_CURRENCY" (ID,CREATED_BY,CREATED_DATE,STATUS,UPDATED_BY,UPDATED_DATE,VERSION,BUY_RATE,SELL_RATE,BANK,CURRENCY,DATE_FOR_EXCHANGE) VALUES (10027,null,null,null,null,null,0,2.049999952316284,3.0,101,1008,100);
INSERT INTO "APP"."EXCHANGE_CURRENCY" (ID,CREATED_BY,CREATED_DATE,STATUS,UPDATED_BY,UPDATED_DATE,VERSION,BUY_RATE,SELL_RATE,BANK,CURRENCY,DATE_FOR_EXCHANGE) VALUES (10028,null,null,null,null,null,0,0.4779999852180481,0.5479999780654907,101,1009,100);
INSERT INTO "APP"."EXCHANGE_CURRENCY" (ID,CREATED_BY,CREATED_DATE,STATUS,UPDATED_BY,UPDATED_DATE,VERSION,BUY_RATE,SELL_RATE,BANK,CURRENCY,DATE_FOR_EXCHANGE) VALUES (10029,null,null,null,null,null,0,33.27000045776367,34.81999969482422,101,1010,100);
INSERT INTO "APP"."EXCHANGE_CURRENCY" (ID,CREATED_BY,CREATED_DATE,STATUS,UPDATED_BY,UPDATED_DATE,VERSION,BUY_RATE,SELL_RATE,BANK,CURRENCY,DATE_FOR_EXCHANGE) VALUES (10030,null,null,null,null,null,0,8.529999732971191,9.109999656677246,101,1011,100);
INSERT INTO "APP"."EXCHANGE_CURRENCY" (ID,CREATED_BY,CREATED_DATE,STATUS,UPDATED_BY,UPDATED_DATE,VERSION,BUY_RATE,SELL_RATE,BANK,CURRENCY,DATE_FOR_EXCHANGE) VALUES (10031,null,null,null,null,null,0,3.990000009536743,4.21999979019165,101,1012,100);
INSERT INTO "APP"."EXCHANGE_CURRENCY" (ID,CREATED_BY,CREATED_DATE,STATUS,UPDATED_BY,UPDATED_DATE,VERSION,BUY_RATE,SELL_RATE,BANK,CURRENCY,DATE_FOR_EXCHANGE) VALUES (10032,null,null,null,null,null,0,25.1299991607666,26.479999542236328,101,1013,100);
INSERT INTO "APP"."EXCHANGE_CURRENCY" (ID,CREATED_BY,CREATED_DATE,STATUS,UPDATED_BY,UPDATED_DATE,VERSION,BUY_RATE,SELL_RATE,BANK,CURRENCY,DATE_FOR_EXCHANGE) VALUES (10033,null,null,null,null,null,0,0.5400000214576721,0.7900000214576721,101,1014,100);
INSERT INTO "APP"."EXCHANGE_CURRENCY" (ID,CREATED_BY,CREATED_DATE,STATUS,UPDATED_BY,UPDATED_DATE,VERSION,BUY_RATE,SELL_RATE,BANK,CURRENCY,DATE_FOR_EXCHANGE) VALUES (10034,null,null,null,null,null,0,3.950000047683716,4.190000057220459,101,1015,100);
INSERT INTO "APP"."EXCHANGE_CURRENCY" (ID,CREATED_BY,CREATED_DATE,STATUS,UPDATED_BY,UPDATED_DATE,VERSION,BUY_RATE,SELL_RATE,BANK,CURRENCY,DATE_FOR_EXCHANGE) VALUES (10035,null,null,null,null,null,0,25.600000381469727,26.3700008392334,101,1016,100);
INSERT INTO "APP"."EXCHANGE_CURRENCY" (ID,CREATED_BY,CREATED_DATE,STATUS,UPDATED_BY,UPDATED_DATE,VERSION,BUY_RATE,SELL_RATE,BANK,CURRENCY,DATE_FOR_EXCHANGE) VALUES (10036,null,null,null,null,null,0,45.540000915527344,48.0,101,1017,100);
INSERT INTO "APP"."EXCHANGE_CURRENCY" (ID,CREATED_BY,CREATED_DATE,STATUS,UPDATED_BY,UPDATED_DATE,VERSION,BUY_RATE,SELL_RATE,BANK,CURRENCY,DATE_FOR_EXCHANGE) VALUES (10037,null,null,null,null,null,0,33.97999954223633,35.33000183105469,101,1018,100);

INSERT INTO "APP"."EXCHANGE_CURRENCY" (ID,CREATED_BY,CREATED_DATE,STATUS,UPDATED_BY,UPDATED_DATE,VERSION,BUY_RATE,SELL_RATE,BANK,CURRENCY,DATE_FOR_EXCHANGE) VALUES (10038,null,null,null,null,null,0,26.010000228881836,27.399999618530273,102,1000,100);
INSERT INTO "APP"."EXCHANGE_CURRENCY" (ID,CREATED_BY,CREATED_DATE,STATUS,UPDATED_BY,UPDATED_DATE,VERSION,BUY_RATE,SELL_RATE,BANK,CURRENCY,DATE_FOR_EXCHANGE) VALUES (10039,null,null,null,null,null,0,25.049999237060547,26.290000915527344,102,1001,100);
INSERT INTO "APP"."EXCHANGE_CURRENCY" (ID,CREATED_BY,CREATED_DATE,STATUS,UPDATED_BY,UPDATED_DATE,VERSION,BUY_RATE,SELL_RATE,BANK,CURRENCY,DATE_FOR_EXCHANGE) VALUES (10040,null,null,null,null,null,0,26.350000381469727,27.239999771118164,102,1002,100);
INSERT INTO "APP"."EXCHANGE_CURRENCY" (ID,CREATED_BY,CREATED_DATE,STATUS,UPDATED_BY,UPDATED_DATE,VERSION,BUY_RATE,SELL_RATE,BANK,CURRENCY,DATE_FOR_EXCHANGE) VALUES (10041,null,null,null,null,null,0,34.900001525878906,36.310001373291016,102,1003,100);
INSERT INTO "APP"."EXCHANGE_CURRENCY" (ID,CREATED_BY,CREATED_DATE,STATUS,UPDATED_BY,UPDATED_DATE,VERSION,BUY_RATE,SELL_RATE,BANK,CURRENCY,DATE_FOR_EXCHANGE) VALUES (10042,null,null,null,null,null,0,4.940000057220459,5.460000038146973,102,1004,100);
INSERT INTO "APP"."EXCHANGE_CURRENCY" (ID,CREATED_BY,CREATED_DATE,STATUS,UPDATED_BY,UPDATED_DATE,VERSION,BUY_RATE,SELL_RATE,BANK,CURRENCY,DATE_FOR_EXCHANGE) VALUES (10043,null,null,null,null,null,0,5.010000228881836,5.320000171661377,102,1005,100);
INSERT INTO "APP"."EXCHANGE_CURRENCY" (ID,CREATED_BY,CREATED_DATE,STATUS,UPDATED_BY,UPDATED_DATE,VERSION,BUY_RATE,SELL_RATE,BANK,CURRENCY,DATE_FOR_EXCHANGE) VALUES (10044,null,null,null,null,null,0,38.41999816894531,39.65999984741211,102,1006,100);
INSERT INTO "APP"."EXCHANGE_CURRENCY" (ID,CREATED_BY,CREATED_DATE,STATUS,UPDATED_BY,UPDATED_DATE,VERSION,BUY_RATE,SELL_RATE,BANK,CURRENCY,DATE_FOR_EXCHANGE) VALUES (10045,null,null,null,null,null,0,4.420000076293945,4.619999885559082,102,1007,100);
INSERT INTO "APP"."EXCHANGE_CURRENCY" (ID,CREATED_BY,CREATED_DATE,STATUS,UPDATED_BY,UPDATED_DATE,VERSION,BUY_RATE,SELL_RATE,BANK,CURRENCY,DATE_FOR_EXCHANGE) VALUES (10046,null,null,null,null,null,0,2.049999952316284,3.0,102,1008,100);
INSERT INTO "APP"."EXCHANGE_CURRENCY" (ID,CREATED_BY,CREATED_DATE,STATUS,UPDATED_BY,UPDATED_DATE,VERSION,BUY_RATE,SELL_RATE,BANK,CURRENCY,DATE_FOR_EXCHANGE) VALUES (10047,null,null,null,null,null,0,0.4779999852180481,0.5479999780654907,102,1009,100);
INSERT INTO "APP"."EXCHANGE_CURRENCY" (ID,CREATED_BY,CREATED_DATE,STATUS,UPDATED_BY,UPDATED_DATE,VERSION,BUY_RATE,SELL_RATE,BANK,CURRENCY,DATE_FOR_EXCHANGE) VALUES (10048,null,null,null,null,null,0,33.27000045776367,34.81999969482422,102,1010,100);
INSERT INTO "APP"."EXCHANGE_CURRENCY" (ID,CREATED_BY,CREATED_DATE,STATUS,UPDATED_BY,UPDATED_DATE,VERSION,BUY_RATE,SELL_RATE,BANK,CURRENCY,DATE_FOR_EXCHANGE) VALUES (10049,null,null,null,null,null,0,8.529999732971191,9.109999656677246,102,1011,100);
INSERT INTO "APP"."EXCHANGE_CURRENCY" (ID,CREATED_BY,CREATED_DATE,STATUS,UPDATED_BY,UPDATED_DATE,VERSION,BUY_RATE,SELL_RATE,BANK,CURRENCY,DATE_FOR_EXCHANGE) VALUES (10050,null,null,null,null,null,0,3.990000009536743,4.21999979019165,102,1012,100);
INSERT INTO "APP"."EXCHANGE_CURRENCY" (ID,CREATED_BY,CREATED_DATE,STATUS,UPDATED_BY,UPDATED_DATE,VERSION,BUY_RATE,SELL_RATE,BANK,CURRENCY,DATE_FOR_EXCHANGE) VALUES (10051,null,null,null,null,null,0,25.1299991607666,26.479999542236328,102,1013,100);
INSERT INTO "APP"."EXCHANGE_CURRENCY" (ID,CREATED_BY,CREATED_DATE,STATUS,UPDATED_BY,UPDATED_DATE,VERSION,BUY_RATE,SELL_RATE,BANK,CURRENCY,DATE_FOR_EXCHANGE) VALUES (10052,null,null,null,null,null,0,0.5400000214576721,0.7900000214576721,102,1014,100);
INSERT INTO "APP"."EXCHANGE_CURRENCY" (ID,CREATED_BY,CREATED_DATE,STATUS,UPDATED_BY,UPDATED_DATE,VERSION,BUY_RATE,SELL_RATE,BANK,CURRENCY,DATE_FOR_EXCHANGE) VALUES (10053,null,null,null,null,null,0,3.950000047683716,4.190000057220459,102,1015,100);
INSERT INTO "APP"."EXCHANGE_CURRENCY" (ID,CREATED_BY,CREATED_DATE,STATUS,UPDATED_BY,UPDATED_DATE,VERSION,BUY_RATE,SELL_RATE,BANK,CURRENCY,DATE_FOR_EXCHANGE) VALUES (10054,null,null,null,null,null,0,25.600000381469727,26.3700008392334,102,1016,100);
INSERT INTO "APP"."EXCHANGE_CURRENCY" (ID,CREATED_BY,CREATED_DATE,STATUS,UPDATED_BY,UPDATED_DATE,VERSION,BUY_RATE,SELL_RATE,BANK,CURRENCY,DATE_FOR_EXCHANGE) VALUES (10055,null,null,null,null,null,0,45.540000915527344,48.0,102,1017,100);
INSERT INTO "APP"."EXCHANGE_CURRENCY" (ID,CREATED_BY,CREATED_DATE,STATUS,UPDATED_BY,UPDATED_DATE,VERSION,BUY_RATE,SELL_RATE,BANK,CURRENCY,DATE_FOR_EXCHANGE) VALUES (10056,null,null,null,null,null,0,33.97999954223633,35.33000183105469,102,1018,100);

INSERT INTO "APP"."EXCHANGE_CURRENCY" (ID,CREATED_BY,CREATED_DATE,STATUS,UPDATED_BY,UPDATED_DATE,VERSION,BUY_RATE,SELL_RATE,BANK,CURRENCY,DATE_FOR_EXCHANGE) VALUES (10057,null,null,null,null,null,0,26.010000228881836,27.399999618530273,103,1000,100);
INSERT INTO "APP"."EXCHANGE_CURRENCY" (ID,CREATED_BY,CREATED_DATE,STATUS,UPDATED_BY,UPDATED_DATE,VERSION,BUY_RATE,SELL_RATE,BANK,CURRENCY,DATE_FOR_EXCHANGE) VALUES (10058,null,null,null,null,null,0,25.049999237060547,26.290000915527344,103,1001,100);
INSERT INTO "APP"."EXCHANGE_CURRENCY" (ID,CREATED_BY,CREATED_DATE,STATUS,UPDATED_BY,UPDATED_DATE,VERSION,BUY_RATE,SELL_RATE,BANK,CURRENCY,DATE_FOR_EXCHANGE) VALUES (10059,null,null,null,null,null,0,26.350000381469727,27.239999771118164,103,1002,100);
INSERT INTO "APP"."EXCHANGE_CURRENCY" (ID,CREATED_BY,CREATED_DATE,STATUS,UPDATED_BY,UPDATED_DATE,VERSION,BUY_RATE,SELL_RATE,BANK,CURRENCY,DATE_FOR_EXCHANGE) VALUES (10060,null,null,null,null,null,0,34.900001525878906,36.310001373291016,103,1003,100);
INSERT INTO "APP"."EXCHANGE_CURRENCY" (ID,CREATED_BY,CREATED_DATE,STATUS,UPDATED_BY,UPDATED_DATE,VERSION,BUY_RATE,SELL_RATE,BANK,CURRENCY,DATE_FOR_EXCHANGE) VALUES (10061,null,null,null,null,null,0,4.940000057220459,5.460000038146973,103,1004,100);
INSERT INTO "APP"."EXCHANGE_CURRENCY" (ID,CREATED_BY,CREATED_DATE,STATUS,UPDATED_BY,UPDATED_DATE,VERSION,BUY_RATE,SELL_RATE,BANK,CURRENCY,DATE_FOR_EXCHANGE) VALUES (10062,null,null,null,null,null,0,5.010000228881836,5.320000171661377,103,1005,100);
INSERT INTO "APP"."EXCHANGE_CURRENCY" (ID,CREATED_BY,CREATED_DATE,STATUS,UPDATED_BY,UPDATED_DATE,VERSION,BUY_RATE,SELL_RATE,BANK,CURRENCY,DATE_FOR_EXCHANGE) VALUES (10063,null,null,null,null,null,0,38.41999816894531,39.65999984741211,103,1006,100);
INSERT INTO "APP"."EXCHANGE_CURRENCY" (ID,CREATED_BY,CREATED_DATE,STATUS,UPDATED_BY,UPDATED_DATE,VERSION,BUY_RATE,SELL_RATE,BANK,CURRENCY,DATE_FOR_EXCHANGE) VALUES (10064,null,null,null,null,null,0,4.420000076293945,4.619999885559082,103,1007,100);
INSERT INTO "APP"."EXCHANGE_CURRENCY" (ID,CREATED_BY,CREATED_DATE,STATUS,UPDATED_BY,UPDATED_DATE,VERSION,BUY_RATE,SELL_RATE,BANK,CURRENCY,DATE_FOR_EXCHANGE) VALUES (10065,null,null,null,null,null,0,2.049999952316284,3.0,103,1008,100);
INSERT INTO "APP"."EXCHANGE_CURRENCY" (ID,CREATED_BY,CREATED_DATE,STATUS,UPDATED_BY,UPDATED_DATE,VERSION,BUY_RATE,SELL_RATE,BANK,CURRENCY,DATE_FOR_EXCHANGE) VALUES (10066,null,null,null,null,null,0,0.4779999852180481,0.5479999780654907,103,1009,100);
INSERT INTO "APP"."EXCHANGE_CURRENCY" (ID,CREATED_BY,CREATED_DATE,STATUS,UPDATED_BY,UPDATED_DATE,VERSION,BUY_RATE,SELL_RATE,BANK,CURRENCY,DATE_FOR_EXCHANGE) VALUES (10067,null,null,null,null,null,0,33.27000045776367,34.81999969482422,103,1010,100);
INSERT INTO "APP"."EXCHANGE_CURRENCY" (ID,CREATED_BY,CREATED_DATE,STATUS,UPDATED_BY,UPDATED_DATE,VERSION,BUY_RATE,SELL_RATE,BANK,CURRENCY,DATE_FOR_EXCHANGE) VALUES (10068,null,null,null,null,null,0,8.529999732971191,9.109999656677246,103,1011,100);
INSERT INTO "APP"."EXCHANGE_CURRENCY" (ID,CREATED_BY,CREATED_DATE,STATUS,UPDATED_BY,UPDATED_DATE,VERSION,BUY_RATE,SELL_RATE,BANK,CURRENCY,DATE_FOR_EXCHANGE) VALUES (10069,null,null,null,null,null,0,3.990000009536743,4.21999979019165,103,1012,100);
INSERT INTO "APP"."EXCHANGE_CURRENCY" (ID,CREATED_BY,CREATED_DATE,STATUS,UPDATED_BY,UPDATED_DATE,VERSION,BUY_RATE,SELL_RATE,BANK,CURRENCY,DATE_FOR_EXCHANGE) VALUES (10070,null,null,null,null,null,0,25.1299991607666,26.479999542236328,103,1013,100);
INSERT INTO "APP"."EXCHANGE_CURRENCY" (ID,CREATED_BY,CREATED_DATE,STATUS,UPDATED_BY,UPDATED_DATE,VERSION,BUY_RATE,SELL_RATE,BANK,CURRENCY,DATE_FOR_EXCHANGE) VALUES (10071,null,null,null,null,null,0,0.5400000214576721,0.7900000214576721,103,1014,100);
INSERT INTO "APP"."EXCHANGE_CURRENCY" (ID,CREATED_BY,CREATED_DATE,STATUS,UPDATED_BY,UPDATED_DATE,VERSION,BUY_RATE,SELL_RATE,BANK,CURRENCY,DATE_FOR_EXCHANGE) VALUES (10072,null,null,null,null,null,0,3.950000047683716,4.190000057220459,103,1015,100);
INSERT INTO "APP"."EXCHANGE_CURRENCY" (ID,CREATED_BY,CREATED_DATE,STATUS,UPDATED_BY,UPDATED_DATE,VERSION,BUY_RATE,SELL_RATE,BANK,CURRENCY,DATE_FOR_EXCHANGE) VALUES (10073,null,null,null,null,null,0,25.600000381469727,26.3700008392334,103,1016,100);
INSERT INTO "APP"."EXCHANGE_CURRENCY" (ID,CREATED_BY,CREATED_DATE,STATUS,UPDATED_BY,UPDATED_DATE,VERSION,BUY_RATE,SELL_RATE,BANK,CURRENCY,DATE_FOR_EXCHANGE) VALUES (10074,null,null,null,null,null,0,45.540000915527344,48.0,103,1017,100);
INSERT INTO "APP"."EXCHANGE_CURRENCY" (ID,CREATED_BY,CREATED_DATE,STATUS,UPDATED_BY,UPDATED_DATE,VERSION,BUY_RATE,SELL_RATE,BANK,CURRENCY,DATE_FOR_EXCHANGE) VALUES (10075,null,null,null,null,null,0,33.97999954223633,35.33000183105469,103,1018,100);

INSERT INTO "APP"."EXCHANGE_CURRENCY" (ID,CREATED_BY,CREATED_DATE,STATUS,UPDATED_BY,UPDATED_DATE,VERSION,BUY_RATE,SELL_RATE,BANK,CURRENCY,DATE_FOR_EXCHANGE) VALUES (10076,null,null,null,null,null,0,26.010000228881836,27.399999618530273,104,1000,100);
INSERT INTO "APP"."EXCHANGE_CURRENCY" (ID,CREATED_BY,CREATED_DATE,STATUS,UPDATED_BY,UPDATED_DATE,VERSION,BUY_RATE,SELL_RATE,BANK,CURRENCY,DATE_FOR_EXCHANGE) VALUES (10077,null,null,null,null,null,0,25.049999237060547,26.290000915527344,104,1001,100);
INSERT INTO "APP"."EXCHANGE_CURRENCY" (ID,CREATED_BY,CREATED_DATE,STATUS,UPDATED_BY,UPDATED_DATE,VERSION,BUY_RATE,SELL_RATE,BANK,CURRENCY,DATE_FOR_EXCHANGE) VALUES (10078,null,null,null,null,null,0,26.350000381469727,27.239999771118164,104,1002,100);
INSERT INTO "APP"."EXCHANGE_CURRENCY" (ID,CREATED_BY,CREATED_DATE,STATUS,UPDATED_BY,UPDATED_DATE,VERSION,BUY_RATE,SELL_RATE,BANK,CURRENCY,DATE_FOR_EXCHANGE) VALUES (10079,null,null,null,null,null,0,34.900001525878906,36.310001373291016,104,1003,100);
INSERT INTO "APP"."EXCHANGE_CURRENCY" (ID,CREATED_BY,CREATED_DATE,STATUS,UPDATED_BY,UPDATED_DATE,VERSION,BUY_RATE,SELL_RATE,BANK,CURRENCY,DATE_FOR_EXCHANGE) VALUES (10080,null,null,null,null,null,0,4.940000057220459,5.460000038146973,104,1004,100);
INSERT INTO "APP"."EXCHANGE_CURRENCY" (ID,CREATED_BY,CREATED_DATE,STATUS,UPDATED_BY,UPDATED_DATE,VERSION,BUY_RATE,SELL_RATE,BANK,CURRENCY,DATE_FOR_EXCHANGE) VALUES (10081,null,null,null,null,null,0,4.95,5.21,104,1005,100);
INSERT INTO "APP"."EXCHANGE_CURRENCY" (ID,CREATED_BY,CREATED_DATE,STATUS,UPDATED_BY,UPDATED_DATE,VERSION,BUY_RATE,SELL_RATE,BANK,CURRENCY,DATE_FOR_EXCHANGE) VALUES (10082,null,null,null,null,null,0,37.98,39.75,104,1006,100);
INSERT INTO "APP"."EXCHANGE_CURRENCY" (ID,CREATED_BY,CREATED_DATE,STATUS,UPDATED_BY,UPDATED_DATE,VERSION,BUY_RATE,SELL_RATE,BANK,CURRENCY,DATE_FOR_EXCHANGE) VALUES (10083,null,null,null,null,null,0,4.42,4.61,104,1007,100);
INSERT INTO "APP"."EXCHANGE_CURRENCY" (ID,CREATED_BY,CREATED_DATE,STATUS,UPDATED_BY,UPDATED_DATE,VERSION,BUY_RATE,SELL_RATE,BANK,CURRENCY,DATE_FOR_EXCHANGE) VALUES (10084,null,null,null,null,null,0,2.11,3.20,104,1008,100);
INSERT INTO "APP"."EXCHANGE_CURRENCY" (ID,CREATED_BY,CREATED_DATE,STATUS,UPDATED_BY,UPDATED_DATE,VERSION,BUY_RATE,SELL_RATE,BANK,CURRENCY,DATE_FOR_EXCHANGE) VALUES (10085,null,null,null,null,null,0,0.451,0.535,104,1009,100);
INSERT INTO "APP"."EXCHANGE_CURRENCY" (ID,CREATED_BY,CREATED_DATE,STATUS,UPDATED_BY,UPDATED_DATE,VERSION,BUY_RATE,SELL_RATE,BANK,CURRENCY,DATE_FOR_EXCHANGE) VALUES (10086,null,null,null,null,null,0,33.17,34.75,104,1010,100);
INSERT INTO "APP"."EXCHANGE_CURRENCY" (ID,CREATED_BY,CREATED_DATE,STATUS,UPDATED_BY,UPDATED_DATE,VERSION,BUY_RATE,SELL_RATE,BANK,CURRENCY,DATE_FOR_EXCHANGE) VALUES (10087,null,null,null,null,null,0,8.43,9.02,104,1011,100);
INSERT INTO "APP"."EXCHANGE_CURRENCY" (ID,CREATED_BY,CREATED_DATE,STATUS,UPDATED_BY,UPDATED_DATE,VERSION,BUY_RATE,SELL_RATE,BANK,CURRENCY,DATE_FOR_EXCHANGE) VALUES (10088,null,null,null,null,null,0,3.87,4.25,104,1012,100);
INSERT INTO "APP"."EXCHANGE_CURRENCY" (ID,CREATED_BY,CREATED_DATE,STATUS,UPDATED_BY,UPDATED_DATE,VERSION,BUY_RATE,SELL_RATE,BANK,CURRENCY,DATE_FOR_EXCHANGE) VALUES (10089,null,null,null,null,null,0,24.988,25.78,104,1013,100);
INSERT INTO "APP"."EXCHANGE_CURRENCY" (ID,CREATED_BY,CREATED_DATE,STATUS,UPDATED_BY,UPDATED_DATE,VERSION,BUY_RATE,SELL_RATE,BANK,CURRENCY,DATE_FOR_EXCHANGE) VALUES (10090,null,null,null,null,null,0,0.50,0.681,104,1014,100);
INSERT INTO "APP"."EXCHANGE_CURRENCY" (ID,CREATED_BY,CREATED_DATE,STATUS,UPDATED_BY,UPDATED_DATE,VERSION,BUY_RATE,SELL_RATE,BANK,CURRENCY,DATE_FOR_EXCHANGE) VALUES (10091,null,null,null,null,null,0,3.87,4.08,104,1015,100);
INSERT INTO "APP"."EXCHANGE_CURRENCY" (ID,CREATED_BY,CREATED_DATE,STATUS,UPDATED_BY,UPDATED_DATE,VERSION,BUY_RATE,SELL_RATE,BANK,CURRENCY,DATE_FOR_EXCHANGE) VALUES (10092,null,null,null,null,null,0,24.99,25.85,104,1016,100);
INSERT INTO "APP"."EXCHANGE_CURRENCY" (ID,CREATED_BY,CREATED_DATE,STATUS,UPDATED_BY,UPDATED_DATE,VERSION,BUY_RATE,SELL_RATE,BANK,CURRENCY,DATE_FOR_EXCHANGE) VALUES (10093,null,null,null,null,null,0,45.12,47.54,104,1017,100);
INSERT INTO "APP"."EXCHANGE_CURRENCY" (ID,CREATED_BY,CREATED_DATE,STATUS,UPDATED_BY,UPDATED_DATE,VERSION,BUY_RATE,SELL_RATE,BANK,CURRENCY,DATE_FOR_EXCHANGE) VALUES (10094,null,null,null,null,null,0,34.12,35.43,104,1018,100);

INSERT INTO "APP"."EXCHANGE_CURRENCY" (ID,CREATED_BY,CREATED_DATE,STATUS,UPDATED_BY,UPDATED_DATE,VERSION,BUY_RATE,SELL_RATE,BANK,CURRENCY,DATE_FOR_EXCHANGE) VALUES (10095,null,null,null,null,null,0,26.2,27.1,105,1000,100);
INSERT INTO "APP"."EXCHANGE_CURRENCY" (ID,CREATED_BY,CREATED_DATE,STATUS,UPDATED_BY,UPDATED_DATE,VERSION,BUY_RATE,SELL_RATE,BANK,CURRENCY,DATE_FOR_EXCHANGE) VALUES (10096,null,null,null,null,null,0,24.89,26.00,105,1001,100);
INSERT INTO "APP"."EXCHANGE_CURRENCY" (ID,CREATED_BY,CREATED_DATE,STATUS,UPDATED_BY,UPDATED_DATE,VERSION,BUY_RATE,SELL_RATE,BANK,CURRENCY,DATE_FOR_EXCHANGE) VALUES (10097,null,null,null,null,null,0,26.15,27.03,105,1002,100);
INSERT INTO "APP"."EXCHANGE_CURRENCY" (ID,CREATED_BY,CREATED_DATE,STATUS,UPDATED_BY,UPDATED_DATE,VERSION,BUY_RATE,SELL_RATE,BANK,CURRENCY,DATE_FOR_EXCHANGE) VALUES (10098,null,null,null,null,null,0,33.25,35.3,105,1003,100);
INSERT INTO "APP"."EXCHANGE_CURRENCY" (ID,CREATED_BY,CREATED_DATE,STATUS,UPDATED_BY,UPDATED_DATE,VERSION,BUY_RATE,SELL_RATE,BANK,CURRENCY,DATE_FOR_EXCHANGE) VALUES (10099,null,null,null,null,null,0,4.72,5.12,105,1004,100);
INSERT INTO "APP"."EXCHANGE_CURRENCY" (ID,CREATED_BY,CREATED_DATE,STATUS,UPDATED_BY,UPDATED_DATE,VERSION,BUY_RATE,SELL_RATE,BANK,CURRENCY,DATE_FOR_EXCHANGE) VALUES (10100,null,null,null,null,null,0,5.10,5.32,105,1005,100);
INSERT INTO "APP"."EXCHANGE_CURRENCY" (ID,CREATED_BY,CREATED_DATE,STATUS,UPDATED_BY,UPDATED_DATE,VERSION,BUY_RATE,SELL_RATE,BANK,CURRENCY,DATE_FOR_EXCHANGE) VALUES (10101,null,null,null,null,null,0,38.21,39.20,105,1006,100);
INSERT INTO "APP"."EXCHANGE_CURRENCY" (ID,CREATED_BY,CREATED_DATE,STATUS,UPDATED_BY,UPDATED_DATE,VERSION,BUY_RATE,SELL_RATE,BANK,CURRENCY,DATE_FOR_EXCHANGE) VALUES (10102,null,null,null,null,null,0,4.42,4.61,105,1007,100);
INSERT INTO "APP"."EXCHANGE_CURRENCY" (ID,CREATED_BY,CREATED_DATE,STATUS,UPDATED_BY,UPDATED_DATE,VERSION,BUY_RATE,SELL_RATE,BANK,CURRENCY,DATE_FOR_EXCHANGE) VALUES (10103,null,null,null,null,null,0,2.04,3.0,105,1008,100);
INSERT INTO "APP"."EXCHANGE_CURRENCY" (ID,CREATED_BY,CREATED_DATE,STATUS,UPDATED_BY,UPDATED_DATE,VERSION,BUY_RATE,SELL_RATE,BANK,CURRENCY,DATE_FOR_EXCHANGE) VALUES (10104,null,null,null,null,null,0,0.47,0.54,105,1009,100);
INSERT INTO "APP"."EXCHANGE_CURRENCY" (ID,CREATED_BY,CREATED_DATE,STATUS,UPDATED_BY,UPDATED_DATE,VERSION,BUY_RATE,SELL_RATE,BANK,CURRENCY,DATE_FOR_EXCHANGE) VALUES (10105,null,null,null,null,null,0,33.27,34.81,105,1010,100);
INSERT INTO "APP"."EXCHANGE_CURRENCY" (ID,CREATED_BY,CREATED_DATE,STATUS,UPDATED_BY,UPDATED_DATE,VERSION,BUY_RATE,SELL_RATE,BANK,CURRENCY,DATE_FOR_EXCHANGE) VALUES (10106,null,null,null,null,null,0,8.529,9.109,105,1011,100);
INSERT INTO "APP"."EXCHANGE_CURRENCY" (ID,CREATED_BY,CREATED_DATE,STATUS,UPDATED_BY,UPDATED_DATE,VERSION,BUY_RATE,SELL_RATE,BANK,CURRENCY,DATE_FOR_EXCHANGE) VALUES (10107,null,null,null,null,null,0,3.99,4.219,105,1012,100);
INSERT INTO "APP"."EXCHANGE_CURRENCY" (ID,CREATED_BY,CREATED_DATE,STATUS,UPDATED_BY,UPDATED_DATE,VERSION,BUY_RATE,SELL_RATE,BANK,CURRENCY,DATE_FOR_EXCHANGE) VALUES (10108,null,null,null,null,null,0,25.12,26.47,105,1013,100);
INSERT INTO "APP"."EXCHANGE_CURRENCY" (ID,CREATED_BY,CREATED_DATE,STATUS,UPDATED_BY,UPDATED_DATE,VERSION,BUY_RATE,SELL_RATE,BANK,CURRENCY,DATE_FOR_EXCHANGE) VALUES (10109,null,null,null,null,null,0,0.54,0.79,105,1014,100);
INSERT INTO "APP"."EXCHANGE_CURRENCY" (ID,CREATED_BY,CREATED_DATE,STATUS,UPDATED_BY,UPDATED_DATE,VERSION,BUY_RATE,SELL_RATE,BANK,CURRENCY,DATE_FOR_EXCHANGE) VALUES (10110,null,null,null,null,null,0,3.95,4.19,105,1015,100);
INSERT INTO "APP"."EXCHANGE_CURRENCY" (ID,CREATED_BY,CREATED_DATE,STATUS,UPDATED_BY,UPDATED_DATE,VERSION,BUY_RATE,SELL_RATE,BANK,CURRENCY,DATE_FOR_EXCHANGE) VALUES (10111,null,null,null,null,null,0,25.60,26.37,105,1016,100);
INSERT INTO "APP"."EXCHANGE_CURRENCY" (ID,CREATED_BY,CREATED_DATE,STATUS,UPDATED_BY,UPDATED_DATE,VERSION,BUY_RATE,SELL_RATE,BANK,CURRENCY,DATE_FOR_EXCHANGE) VALUES (10112,null,null,null,null,null,0,45.54,48.0,105,1017,100);
INSERT INTO "APP"."EXCHANGE_CURRENCY" (ID,CREATED_BY,CREATED_DATE,STATUS,UPDATED_BY,UPDATED_DATE,VERSION,BUY_RATE,SELL_RATE,BANK,CURRENCY,DATE_FOR_EXCHANGE) VALUES (10113,null,null,null,null,null,0,33.97,35.33,105,1018,100);



