
-- INSERT INTO "APP"."BANK" (ID,CREATED_BY,CREATED_DATE,STATUS,UPDATED_BY,UPDATED_DATE,VERSION,BANK_NAME,CODE,IMAGE_NAME) VALUES (1,null,null,null,null,null,1,'ธนาคารกรุงเทพ','BBL','BANGKOK-1.png');
-- INSERT INTO "APP"."BANK" (ID,CREATED_BY,CREATED_DATE,STATUS,UPDATED_BY,UPDATED_DATE,VERSION,BANK_NAME,CODE,IMAGE_NAME) VALUES (2,null,null,null,null,null,0,'ธนาคารกสิกรไทย','KBank','KBANK-1.png');

-- INSERT INTO "APP"."CURRENCY" (ID,CREATED_BY,CREATED_DATE,STATUS,UPDATED_BY,UPDATED_DATE,VERSION,CODE,CURRENCY_NAME,IMAGE_NAME,SYMBOL) VALUES (1,null,null,null,null,null,0,'C1','ออสเตรเลีย','au.png','au');
-- INSERT INTO "APP"."CURRENCY" (ID,CREATED_BY,CREATED_DATE,STATUS,UPDATED_BY,UPDATED_DATE,VERSION,CODE,CURRENCY_NAME,IMAGE_NAME,SYMBOL) VALUES (2,null,null,null,null,null,0,'C2','บรูไนดารุสซาลาม','bn.png','bn');
-- INSERT INTO "APP"."CURRENCY" (ID,CREATED_BY,CREATED_DATE,STATUS,UPDATED_BY,UPDATED_DATE,VERSION,CODE,CURRENCY_NAME,IMAGE_NAME,SYMBOL) VALUES (3,null,null,null,null,null,0,'C3','แคนาดา','ca.png','ca');
-- INSERT INTO "APP"."CURRENCY" (ID,CREATED_BY,CREATED_DATE,STATUS,UPDATED_BY,UPDATED_DATE,VERSION,CODE,CURRENCY_NAME,IMAGE_NAME,SYMBOL) VALUES (4,null,null,null,null,null,0,'C4','สวิตเซอร์แลนด์','ch.png','ch');
-- INSERT INTO "APP"."CURRENCY" (ID,CREATED_BY,CREATED_DATE,STATUS,UPDATED_BY,UPDATED_DATE,VERSION,CODE,CURRENCY_NAME,IMAGE_NAME,SYMBOL) VALUES (5,null,null,null,null,null,0,'C5','จีน','cn.png','cn');
-- INSERT INTO "APP"."CURRENCY" (ID,CREATED_BY,CREATED_DATE,STATUS,UPDATED_BY,UPDATED_DATE,VERSION,CODE,CURRENCY_NAME,IMAGE_NAME,SYMBOL) VALUES (6,null,null,null,null,null,0,'C6','เดนมาร์ก','dk.png','dk');
-- INSERT INTO "APP"."CURRENCY" (ID,CREATED_BY,CREATED_DATE,STATUS,UPDATED_BY,UPDATED_DATE,VERSION,CODE,CURRENCY_NAME,IMAGE_NAME,SYMBOL) VALUES (7,null,null,null,null,null,0,'C7','ยูโรโซน','eu.png','eu');
-- INSERT INTO "APP"."CURRENCY" (ID,CREATED_BY,CREATED_DATE,STATUS,UPDATED_BY,UPDATED_DATE,VERSION,CODE,CURRENCY_NAME,IMAGE_NAME,SYMBOL) VALUES (8,null,null,null,null,null,0,'C8','ฮ่องกง','hk.png','hk');
-- INSERT INTO "APP"."CURRENCY" (ID,CREATED_BY,CREATED_DATE,STATUS,UPDATED_BY,UPDATED_DATE,VERSION,CODE,CURRENCY_NAME,IMAGE_NAME,SYMBOL) VALUES (9,null,null,null,null,null,0,'C9','อินโดนีเซีย','id.png','id');
-- INSERT INTO "APP"."CURRENCY" (ID,CREATED_BY,CREATED_DATE,STATUS,UPDATED_BY,UPDATED_DATE,VERSION,CODE,CURRENCY_NAME,IMAGE_NAME,SYMBOL) VALUES (10,null,null,null,null,null,0,'C10','อินเดีย','in.png','in');
-- INSERT INTO "APP"."CURRENCY" (ID,CREATED_BY,CREATED_DATE,STATUS,UPDATED_BY,UPDATED_DATE,VERSION,CODE,CURRENCY_NAME,IMAGE_NAME,SYMBOL) VALUES (11,null,null,null,null,null,0,'C11','ญี่ปุ่น','jp.png','jp');
-- INSERT INTO "APP"."CURRENCY" (ID,CREATED_BY,CREATED_DATE,STATUS,UPDATED_BY,UPDATED_DATE,VERSION,CODE,CURRENCY_NAME,IMAGE_NAME,SYMBOL) VALUES (12,null,null,null,null,null,0,'C12','มาเลเซีย','my.png','my');
-- INSERT INTO "APP"."CURRENCY" (ID,CREATED_BY,CREATED_DATE,STATUS,UPDATED_BY,UPDATED_DATE,VERSION,CODE,CURRENCY_NAME,IMAGE_NAME,SYMBOL) VALUES (13,null,null,null,null,null,0,'C13','นอร์เวย์','no.png','no');
-- INSERT INTO "APP"."CURRENCY" (ID,CREATED_BY,CREATED_DATE,STATUS,UPDATED_BY,UPDATED_DATE,VERSION,CODE,CURRENCY_NAME,IMAGE_NAME,SYMBOL) VALUES (14,null,null,null,null,null,1,'C14','นิวซีแลนด์','nz.png','nz');
-- INSERT INTO "APP"."CURRENCY" (ID,CREATED_BY,CREATED_DATE,STATUS,UPDATED_BY,UPDATED_DATE,VERSION,CODE,CURRENCY_NAME,IMAGE_NAME,SYMBOL) VALUES (15,null,null,null,null,null,0,'C15','ฟิลิปปินส์','ph.png','ph');
-- INSERT INTO "APP"."CURRENCY" (ID,CREATED_BY,CREATED_DATE,STATUS,UPDATED_BY,UPDATED_DATE,VERSION,CODE,CURRENCY_NAME,IMAGE_NAME,SYMBOL) VALUES (16,null,null,null,null,null,0,'C16','สวีเดน','se.png','se');
-- INSERT INTO "APP"."CURRENCY" (ID,CREATED_BY,CREATED_DATE,STATUS,UPDATED_BY,UPDATED_DATE,VERSION,CODE,CURRENCY_NAME,IMAGE_NAME,SYMBOL) VALUES (17,null,null,null,null,null,0,'C17','สิงคโปร์','sg.png','sg');
-- INSERT INTO "APP"."CURRENCY" (ID,CREATED_BY,CREATED_DATE,STATUS,UPDATED_BY,UPDATED_DATE,VERSION,CODE,CURRENCY_NAME,IMAGE_NAME,SYMBOL) VALUES (18,null,null,null,null,null,0,'C18','สหราชอาณาจักร','uk.png','uk');
-- INSERT INTO "APP"."CURRENCY" (ID,CREATED_BY,CREATED_DATE,STATUS,UPDATED_BY,UPDATED_DATE,VERSION,CODE,CURRENCY_NAME,IMAGE_NAME,SYMBOL) VALUES (19,null,null,null,null,null,0,'C19','สหรัฐอเมริกา','us.png','us');
-- INSERT INTO "APP"."CURRENCY" (ID,CREATED_BY,CREATED_DATE,STATUS,UPDATED_BY,UPDATED_DATE,VERSION,CODE,CURRENCY_NAME,IMAGE_NAME,SYMBOL) VALUES (20,null,null,null,null,null,0,'C20','ไทย','th.png','th');


-- INSERT INTO "APP"."DATE_FOR_EXCHANGE" (ID,CREATED_BY,CREATED_DATE,STATUS,UPDATED_BY,UPDATED_DATE,VERSION,DATE_PER_EXCHANGE) VALUES (1,null,null,null,null,null,0,{ts '2016-02-15 00:00:00.0'});
-- INSERT INTO "APP"."DATE_FOR_EXCHANGE" (ID,CREATED_BY,CREATED_DATE,STATUS,UPDATED_BY,UPDATED_DATE,VERSION,DATE_PER_EXCHANGE) VALUES (2,null,null,null,null,null,0,{ts '2016-02-16 00:00:00.0'});

-- INSERT INTO "APP"."EXCHANGE_CURRENCY" (ID,CREATED_BY,CREATED_DATE,STATUS,UPDATED_BY,UPDATED_DATE,VERSION,BUY_RATE,SELL_RATE,BANK,CURRENCY,DATE_FOR_EXCHANGE) VALUES (1,null,null,null,null,null,0,20.329999923706055,20.299999237060547,1,1,1);
-- INSERT INTO "APP"."EXCHANGE_CURRENCY" (ID,CREATED_BY,CREATED_DATE,STATUS,UPDATED_BY,UPDATED_DATE,VERSION,BUY_RATE,SELL_RATE,BANK,CURRENCY,DATE_FOR_EXCHANGE) VALUES (2,null,null,null,null,null,0,30.299999237060547,30.5,1,2,1);
-- INSERT INTO "APP"."EXCHANGE_CURRENCY" (ID,CREATED_BY,CREATED_DATE,STATUS,UPDATED_BY,UPDATED_DATE,VERSION,BUY_RATE,SELL_RATE,BANK,CURRENCY,DATE_FOR_EXCHANGE) VALUES (3,null,null,null,null,null,0,11.800000190734863,19.0,1,3,1);
-- INSERT INTO "APP"."EXCHANGE_CURRENCY" (ID,CREATED_BY,CREATED_DATE,STATUS,UPDATED_BY,UPDATED_DATE,VERSION,BUY_RATE,SELL_RATE,BANK,CURRENCY,DATE_FOR_EXCHANGE) VALUES (4,null,null,null,null,null,0,15.800000190734863,15.0,1,4,1);
-- INSERT INTO "APP"."EXCHANGE_CURRENCY" (ID,CREATED_BY,CREATED_DATE,STATUS,UPDATED_BY,UPDATED_DATE,VERSION,BUY_RATE,SELL_RATE,BANK,CURRENCY,DATE_FOR_EXCHANGE) VALUES (5,null,null,null,null,null,0,15.800000190734863,15.800000190734863,1,5,1);
-- INSERT INTO "APP"."EXCHANGE_CURRENCY" (ID,CREATED_BY,CREATED_DATE,STATUS,UPDATED_BY,UPDATED_DATE,VERSION,BUY_RATE,SELL_RATE,BANK,CURRENCY,DATE_FOR_EXCHANGE) VALUES (6,null,null,null,null,null,0,15.800000190734863,15.800000190734863,1,6,1);
-- INSERT INTO "APP"."EXCHANGE_CURRENCY" (ID,CREATED_BY,CREATED_DATE,STATUS,UPDATED_BY,UPDATED_DATE,VERSION,BUY_RATE,SELL_RATE,BANK,CURRENCY,DATE_FOR_EXCHANGE) VALUES (7,null,null,null,null,null,0,15.800000190734863,15.800000190734863,1,7,1);
-- INSERT INTO "APP"."EXCHANGE_CURRENCY" (ID,CREATED_BY,CREATED_DATE,STATUS,UPDATED_BY,UPDATED_DATE,VERSION,BUY_RATE,SELL_RATE,BANK,CURRENCY,DATE_FOR_EXCHANGE) VALUES (8,null,null,null,null,null,0,15.800000190734863,15.800000190734863,1,8,1);
-- INSERT INTO "APP"."EXCHANGE_CURRENCY" (ID,CREATED_BY,CREATED_DATE,STATUS,UPDATED_BY,UPDATED_DATE,VERSION,BUY_RATE,SELL_RATE,BANK,CURRENCY,DATE_FOR_EXCHANGE) VALUES (9,null,null,null,null,null,0,15.800000190734863,15.800000190734863,1,9,1);
-- INSERT INTO "APP"."EXCHANGE_CURRENCY" (ID,CREATED_BY,CREATED_DATE,STATUS,UPDATED_BY,UPDATED_DATE,VERSION,BUY_RATE,SELL_RATE,BANK,CURRENCY,DATE_FOR_EXCHANGE) VALUES (10,null,null,null,null,null,0,15.800000190734863,15.800000190734863,1,10,1);
-- INSERT INTO "APP"."EXCHANGE_CURRENCY" (ID,CREATED_BY,CREATED_DATE,STATUS,UPDATED_BY,UPDATED_DATE,VERSION,BUY_RATE,SELL_RATE,BANK,CURRENCY,DATE_FOR_EXCHANGE) VALUES (11,null,null,null,null,null,0,15.800000190734863,15.800000190734863,1,11,1);
-- INSERT INTO "APP"."EXCHANGE_CURRENCY" (ID,CREATED_BY,CREATED_DATE,STATUS,UPDATED_BY,UPDATED_DATE,VERSION,BUY_RATE,SELL_RATE,BANK,CURRENCY,DATE_FOR_EXCHANGE) VALUES (12,null,null,null,null,null,0,15.800000190734863,15.800000190734863,1,12,1);
-- INSERT INTO "APP"."EXCHANGE_CURRENCY" (ID,CREATED_BY,CREATED_DATE,STATUS,UPDATED_BY,UPDATED_DATE,VERSION,BUY_RATE,SELL_RATE,BANK,CURRENCY,DATE_FOR_EXCHANGE) VALUES (13,null,null,null,null,null,0,15.800000190734863,15.800000190734863,1,13,1);
-- INSERT INTO "APP"."EXCHANGE_CURRENCY" (ID,CREATED_BY,CREATED_DATE,STATUS,UPDATED_BY,UPDATED_DATE,VERSION,BUY_RATE,SELL_RATE,BANK,CURRENCY,DATE_FOR_EXCHANGE) VALUES (14,null,null,null,null,null,0,15.800000190734863,15.800000190734863,1,14,1);
-- INSERT INTO "APP"."EXCHANGE_CURRENCY" (ID,CREATED_BY,CREATED_DATE,STATUS,UPDATED_BY,UPDATED_DATE,VERSION,BUY_RATE,SELL_RATE,BANK,CURRENCY,DATE_FOR_EXCHANGE) VALUES (15,null,null,null,null,null,0,15.800000190734863,15.800000190734863,1,15,1);
-- INSERT INTO "APP"."EXCHANGE_CURRENCY" (ID,CREATED_BY,CREATED_DATE,STATUS,UPDATED_BY,UPDATED_DATE,VERSION,BUY_RATE,SELL_RATE,BANK,CURRENCY,DATE_FOR_EXCHANGE) VALUES (16,null,null,null,null,null,0,15.800000190734863,15.800000190734863,1,16,1);
-- INSERT INTO "APP"."EXCHANGE_CURRENCY" (ID,CREATED_BY,CREATED_DATE,STATUS,UPDATED_BY,UPDATED_DATE,VERSION,BUY_RATE,SELL_RATE,BANK,CURRENCY,DATE_FOR_EXCHANGE) VALUES (17,null,null,null,null,null,0,15.800000190734863,15.800000190734863,1,17,1);
-- INSERT INTO "APP"."EXCHANGE_CURRENCY" (ID,CREATED_BY,CREATED_DATE,STATUS,UPDATED_BY,UPDATED_DATE,VERSION,BUY_RATE,SELL_RATE,BANK,CURRENCY,DATE_FOR_EXCHANGE) VALUES (18,null,null,null,null,null,0,15.800000190734863,15.800000190734863,1,18,1);
-- INSERT INTO "APP"."EXCHANGE_CURRENCY" (ID,CREATED_BY,CREATED_DATE,STATUS,UPDATED_BY,UPDATED_DATE,VERSION,BUY_RATE,SELL_RATE,BANK,CURRENCY,DATE_FOR_EXCHANGE) VALUES (19,null,null,null,null,null,0,15.800000190734863,15.800000190734863,1,19,1);
-- INSERT INTO "APP"."EXCHANGE_CURRENCY" (ID,CREATED_BY,CREATED_DATE,STATUS,UPDATED_BY,UPDATED_DATE,VERSION,BUY_RATE,SELL_RATE,BANK,CURRENCY,DATE_FOR_EXCHANGE) VALUES (20,null,null,null,null,null,0,15.800000190734863,15.800000190734863,1,20,1);

-- INSERT INTO "APP"."EXCHANGE_CURRENCY" (ID,CREATED_BY,CREATED_DATE,STATUS,UPDATED_BY,UPDATED_DATE,VERSION,BUY_RATE,SELL_RATE,BANK,CURRENCY,DATE_FOR_EXCHANGE) VALUES (21,null,null,null,null,null,0,20.329999923706055,20.299999237060547,1,1,2);
-- INSERT INTO "APP"."EXCHANGE_CURRENCY" (ID,CREATED_BY,CREATED_DATE,STATUS,UPDATED_BY,UPDATED_DATE,VERSION,BUY_RATE,SELL_RATE,BANK,CURRENCY,DATE_FOR_EXCHANGE) VALUES (22,null,null,null,null,null,0,30.299999237060547,30.5,1,2,2);
-- INSERT INTO "APP"."EXCHANGE_CURRENCY" (ID,CREATED_BY,CREATED_DATE,STATUS,UPDATED_BY,UPDATED_DATE,VERSION,BUY_RATE,SELL_RATE,BANK,CURRENCY,DATE_FOR_EXCHANGE) VALUES (23,null,null,null,null,null,0,11.800000190734863,19.0,1,3,2);
-- INSERT INTO "APP"."EXCHANGE_CURRENCY" (ID,CREATED_BY,CREATED_DATE,STATUS,UPDATED_BY,UPDATED_DATE,VERSION,BUY_RATE,SELL_RATE,BANK,CURRENCY,DATE_FOR_EXCHANGE) VALUES (24,null,null,null,null,null,0,15.800000190734863,15.0,1,4,2);
-- INSERT INTO "APP"."EXCHANGE_CURRENCY" (ID,CREATED_BY,CREATED_DATE,STATUS,UPDATED_BY,UPDATED_DATE,VERSION,BUY_RATE,SELL_RATE,BANK,CURRENCY,DATE_FOR_EXCHANGE) VALUES (25,null,null,null,null,null,0,15.800000190734863,15.800000190734863,1,5,2);
-- INSERT INTO "APP"."EXCHANGE_CURRENCY" (ID,CREATED_BY,CREATED_DATE,STATUS,UPDATED_BY,UPDATED_DATE,VERSION,BUY_RATE,SELL_RATE,BANK,CURRENCY,DATE_FOR_EXCHANGE) VALUES (26,null,null,null,null,null,0,15.800000190734863,15.800000190734863,1,6,2);
-- INSERT INTO "APP"."EXCHANGE_CURRENCY" (ID,CREATED_BY,CREATED_DATE,STATUS,UPDATED_BY,UPDATED_DATE,VERSION,BUY_RATE,SELL_RATE,BANK,CURRENCY,DATE_FOR_EXCHANGE) VALUES (27,null,null,null,null,null,0,15.800000190734863,15.800000190734863,1,7,2);
-- INSERT INTO "APP"."EXCHANGE_CURRENCY" (ID,CREATED_BY,CREATED_DATE,STATUS,UPDATED_BY,UPDATED_DATE,VERSION,BUY_RATE,SELL_RATE,BANK,CURRENCY,DATE_FOR_EXCHANGE) VALUES (28,null,null,null,null,null,0,15.800000190734863,15.800000190734863,1,8,2);
-- INSERT INTO "APP"."EXCHANGE_CURRENCY" (ID,CREATED_BY,CREATED_DATE,STATUS,UPDATED_BY,UPDATED_DATE,VERSION,BUY_RATE,SELL_RATE,BANK,CURRENCY,DATE_FOR_EXCHANGE) VALUES (29,null,null,null,null,null,0,15.800000190734863,15.800000190734863,1,9,2);
-- INSERT INTO "APP"."EXCHANGE_CURRENCY" (ID,CREATED_BY,CREATED_DATE,STATUS,UPDATED_BY,UPDATED_DATE,VERSION,BUY_RATE,SELL_RATE,BANK,CURRENCY,DATE_FOR_EXCHANGE) VALUES (30,null,null,null,null,null,0,15.800000190734863,15.800000190734863,1,10,2);
-- INSERT INTO "APP"."EXCHANGE_CURRENCY" (ID,CREATED_BY,CREATED_DATE,STATUS,UPDATED_BY,UPDATED_DATE,VERSION,BUY_RATE,SELL_RATE,BANK,CURRENCY,DATE_FOR_EXCHANGE) VALUES (31,null,null,null,null,null,0,15.800000190734863,15.800000190734863,1,11,2);
-- INSERT INTO "APP"."EXCHANGE_CURRENCY" (ID,CREATED_BY,CREATED_DATE,STATUS,UPDATED_BY,UPDATED_DATE,VERSION,BUY_RATE,SELL_RATE,BANK,CURRENCY,DATE_FOR_EXCHANGE) VALUES (32,null,null,null,null,null,0,15.800000190734863,15.800000190734863,1,12,2);
-- INSERT INTO "APP"."EXCHANGE_CURRENCY" (ID,CREATED_BY,CREATED_DATE,STATUS,UPDATED_BY,UPDATED_DATE,VERSION,BUY_RATE,SELL_RATE,BANK,CURRENCY,DATE_FOR_EXCHANGE) VALUES (33,null,null,null,null,null,0,15.800000190734863,15.800000190734863,1,13,2);
-- INSERT INTO "APP"."EXCHANGE_CURRENCY" (ID,CREATED_BY,CREATED_DATE,STATUS,UPDATED_BY,UPDATED_DATE,VERSION,BUY_RATE,SELL_RATE,BANK,CURRENCY,DATE_FOR_EXCHANGE) VALUES (34,null,null,null,null,null,0,15.800000190734863,15.800000190734863,1,14,2);
-- INSERT INTO "APP"."EXCHANGE_CURRENCY" (ID,CREATED_BY,CREATED_DATE,STATUS,UPDATED_BY,UPDATED_DATE,VERSION,BUY_RATE,SELL_RATE,BANK,CURRENCY,DATE_FOR_EXCHANGE) VALUES (35,null,null,null,null,null,0,15.800000190734863,15.800000190734863,1,15,2);
-- INSERT INTO "APP"."EXCHANGE_CURRENCY" (ID,CREATED_BY,CREATED_DATE,STATUS,UPDATED_BY,UPDATED_DATE,VERSION,BUY_RATE,SELL_RATE,BANK,CURRENCY,DATE_FOR_EXCHANGE) VALUES (36,null,null,null,null,null,0,15.800000190734863,15.800000190734863,1,16,2);
-- INSERT INTO "APP"."EXCHANGE_CURRENCY" (ID,CREATED_BY,CREATED_DATE,STATUS,UPDATED_BY,UPDATED_DATE,VERSION,BUY_RATE,SELL_RATE,BANK,CURRENCY,DATE_FOR_EXCHANGE) VALUES (37,null,null,null,null,null,0,15.800000190734863,15.800000190734863,1,17,2);
-- INSERT INTO "APP"."EXCHANGE_CURRENCY" (ID,CREATED_BY,CREATED_DATE,STATUS,UPDATED_BY,UPDATED_DATE,VERSION,BUY_RATE,SELL_RATE,BANK,CURRENCY,DATE_FOR_EXCHANGE) VALUES (38,null,null,null,null,null,0,15.800000190734863,15.800000190734863,1,18,2);
-- INSERT INTO "APP"."EXCHANGE_CURRENCY" (ID,CREATED_BY,CREATED_DATE,STATUS,UPDATED_BY,UPDATED_DATE,VERSION,BUY_RATE,SELL_RATE,BANK,CURRENCY,DATE_FOR_EXCHANGE) VALUES (39,null,null,null,null,null,0,15.800000190734863,15.800000190734863,1,19,2);
-- INSERT INTO "APP"."EXCHANGE_CURRENCY" (ID,CREATED_BY,CREATED_DATE,STATUS,UPDATED_BY,UPDATED_DATE,VERSION,BUY_RATE,SELL_RATE,BANK,CURRENCY,DATE_FOR_EXCHANGE) VALUES (40,null,null,null,null,null,0,15.800000190734863,15.800000190734863,1,20,2);